batch_id,layer,reason_code,business_key,raw_payload
2,bronze,MALFORMED_RECORD,CLM0000115,"CLM0000115,P000753,2026-02-23,2026-02-28,1087.08,0.00,OPEN,GLASS,2026-02-28 21:19:10,EXTRA,COLUMNS"
2,bronze,NULL_KEY,,"{""policy_id"":""P000753"",""loss_date"":""2026-02-23"",""reported_date"":""2026-02-28"",""claim_amount"":""1087.08"",""paid_amount"":""0.00"",""claim_status"":""OPEN"",""cause_of_loss"":""GLASS"",""last_modified"":""2026-02-28 21:19:10""}"
2,bronze,NULL_KEY,,"{""policy_id"":""P000374"",""loss_date"":""2026-02-20"",""reported_date"":""2026-02-23"",""claim_amount"":""933.81"",""paid_amount"":""0.00"",""claim_status"":""OPEN"",""cause_of_loss"":""WIND"",""last_modified"":""2026-02-23 22:19:22""}"
2,bronze,NULL_KEY,,"{""policy_id"":""P000006"",""loss_date"":""2026-02-10"",""reported_date"":""2026-02-12"",""claim_amount"":""4139.42"",""paid_amount"":""0.00"",""claim_status"":""OPEN"",""cause_of_loss"":""FIRE"",""last_modified"":""2026-02-12 15:17:42""}"
2,silver,DUPLICATE_KEY,CLM0000141,"{""claim_id"":""CLM0000141"",""policy_id"":""P001013"",""loss_date"":""2026-02-22"",""reported_date"":""2026-02-27"",""claim_amount"":""10185.45"",""paid_amount"":""0.00"",""claim_status"":""OPEN"",""cause_of_loss"":""PROPERTY"",""last_modified"":""2026-02-27 08:36:03""}"
2,silver,DUPLICATE_KEY,CLM0000151,"{""claim_id"":""CLM0000151"",""policy_id"":""P000336"",""loss_date"":""2026-02-20"",""reported_date"":""2026-02-20"",""claim_amount"":""11424.39"",""paid_amount"":""11227.88"",""claim_status"":""CLOSED"",""cause_of_loss"":""PROPERTY"",""last_modified"":""2026-02-20 02:23:40""}"
2,silver,INVALID_DATE,CLMBDT200,"{""claim_id"":""CLMBDT200"",""policy_id"":""P001193"",""loss_date"":""2026-13-45"",""reported_date"":""2026-02-28"",""claim_amount"":""3560.43"",""paid_amount"":""0.00"",""claim_status"":""DENIED"",""cause_of_loss"":""LIABILITY"",""last_modified"":""2026-02-28 23:47:07""}"
2,silver,INVALID_DATE,CLMBDT201,"{""claim_id"":""CLMBDT201"",""policy_id"":""P001193"",""loss_date"":""31/01/2026"",""reported_date"":""2026-02-28"",""claim_amount"":""3560.43"",""paid_amount"":""0.00"",""claim_status"":""DENIED"",""cause_of_loss"":""LIABILITY"",""last_modified"":""2026-02-28 23:47:07""}"
2,silver,INVALID_DATE,CLMBDT202,"{""claim_id"":""CLMBDT202"",""policy_id"":""P001193"",""loss_date"":""2026-02-28"",""reported_date"":""2025-06-01"",""claim_amount"":""3560.43"",""paid_amount"":""0.00"",""claim_status"":""DENIED"",""cause_of_loss"":""LIABILITY"",""last_modified"":""2026-02-28 23:47:07""}"
2,silver,INVALID_NUMBER,CLMNAN200,"{""claim_id"":""CLMNAN200"",""policy_id"":""P000336"",""loss_date"":""2026-02-20"",""reported_date"":""2026-02-20"",""claim_amount"":""12,5OO"",""paid_amount"":""11227.88"",""claim_status"":""CLOSED"",""cause_of_loss"":""PROPERTY"",""last_modified"":""2026-02-20 02:23:40""}"
2,silver,NEGATIVE_AMOUNT,CLMNEG200,"{""claim_id"":""CLMNEG200"",""policy_id"":""P001055"",""loss_date"":""2026-02-23"",""reported_date"":""2026-02-27"",""claim_amount"":""-1503.31"",""paid_amount"":""0.00"",""claim_status"":""OPEN"",""cause_of_loss"":""WATER"",""last_modified"":""2026-02-27 10:14:31""}"
2,silver,NEGATIVE_AMOUNT,CLMNEG201,"{""claim_id"":""CLMNEG201"",""policy_id"":""P000855"",""loss_date"":""2026-02-11"",""reported_date"":""2026-02-14"",""claim_amount"":""-17601.90"",""paid_amount"":""7311.55"",""claim_status"":""CLOSED"",""cause_of_loss"":""LIABILITY"",""last_modified"":""2026-02-14 12:09:50""}"
2,silver,NEGATIVE_AMOUNT,CLMNEG202,"{""claim_id"":""CLMNEG202"",""policy_id"":""P000253"",""loss_date"":""2026-02-08"",""reported_date"":""2026-02-10"",""claim_amount"":""-9288.84"",""paid_amount"":""0.00"",""claim_status"":""DENIED"",""cause_of_loss"":""LIABILITY"",""last_modified"":""2026-02-10 01:57:06""}"
2,silver,UNKNOWN_POLICY,CLMUNK200,"{""claim_id"":""CLMUNK200"",""policy_id"":""P920000"",""loss_date"":""2026-02-04"",""reported_date"":""2026-02-08"",""claim_amount"":""625.20"",""paid_amount"":""0.00"",""claim_status"":""OPEN"",""cause_of_loss"":""WATER"",""last_modified"":""2026-02-08 17:08:54""}"
2,silver,UNKNOWN_POLICY,CLMUNK201,"{""claim_id"":""CLMUNK201"",""policy_id"":""P920001"",""loss_date"":""2026-02-19"",""reported_date"":""2026-02-19"",""claim_amount"":""2532.07"",""paid_amount"":""0.00"",""claim_status"":""OPEN"",""cause_of_loss"":""WIND"",""last_modified"":""2026-02-19 22:07:02""}"
2,silver,UNKNOWN_POLICY,CLMUNK202,"{""claim_id"":""CLMUNK202"",""policy_id"":""P920002"",""loss_date"":""2026-02-09"",""reported_date"":""2026-02-14"",""claim_amount"":""1242.15"",""paid_amount"":""0.00"",""claim_status"":""DENIED"",""cause_of_loss"":""WIND"",""last_modified"":""2026-02-14 09:56:08""}"
